uid,username
1,erik.viklander
3,AnnikaD
7,Kristine_
8,Adam
9,Björn Hagström
10,angela
18,Johan
19,fnordlander
26,Kodapan
27,karl.marhall
28,Jonas Nordqvist
29,Eric
30,mattias
31,Datahamstern
32,charbel
33,vesstrom
34,Fred
35,JohnW
36,Andreas Sundberg
37,broninnovation
38,tsvensson
39,Johan Dahlgren
40,Per Fambo
41,Ainali
42,chrisblomkvist
43,magjoh
44,JennyAndersson
45,moha gobjaceyl
46,frick
47,michael_åkerman
48,Tore Johnsson
49,Maria Söderlind
50,Hjärpen
51,tomlalkpg
52,Andreas
53,jencon
54,halkos
55,ULJerry
56,AndersL
57,Filip.Lindsjö
58,Ewa Ahlberg
59,JennyOgebrant
60,Jakob Algulin
61,Jessica Svärdell
62,Maria_Dalhage
63,Catrin Bartold
64,katarinaahl
65,pernillan
66,mikael-nordberg
67,EvaNord
68,toiai
69,Lars Skandevall
70,RMohri
71,Magnus Å
72,KarinLarsson
73,Duncan Hume
74,Emil
75,Stefan_Eriksson
76,Nordanlind
77,Zunil
78,jonass
79,Christian
80,Jan Widegren
81,annikajonsson
82,landgren
85,kristofer
86,Annahorlen
87,AndresA
88,Kiml
89,fliranders
90,jamespether
91,Elin Jonsson
92,kirsidogan
93,stabor
94,josdel
95,Larsam
96,Danny Aerts
97,Östling
98,gullin
99,johanlinaker
100,mafo05
101,rilar
102,jme
103,Lars
104,Therése
105,Emma
109,Matself
110,Linnea
111,Therese P-V
112,TomP
113,stigbd
114,consideratio
115,joho68
116,BjörnGus
117,jenniferskoglund
118,josefinlassi
119,frtrse
120,Anton
121,John Cunningham
122,adrian_g
123,Ilse
124,Johan Nordén
125,jonor
126,Mattias SynData
127,tomasmonsen
128,Stefan Wallin
129,O.N
130,lars123
131,backstrom-hav
132,Sven-Erik
133,birols
134,bjurstromanna
135,elliaguilera-AF
136,Jonas
137,SCBMARA
138,AnnGus
139,MichaelPeolsson
141,scbjemo
142,StefanSvanSCB
143,bengtdjuvfeldt
144,Erika Strandberg
145,Robisan-Af
146,cajo
147,Ulf
148,Theo Andersson
149,dAnton
150,JimmiBurgagni
151,Sverker Brundin
152,Nina
153,Lisa
154,Malin
155,fifiuwa
156,Luna
157,Alina
158,karlnorling
159,maria
160,christiane
161,Ingrid Halvorsen
162,copen90
163,istyf
164,emiltorp
165,Patrik Bernhardt
166,karinahlin
167,ulrika.gani
168,dimitrij
169,chriscross
170,Mia
171,Peter Bengtsson
172,Peter_Bengtsson
173,etuna
174,flipp
175,Victoria
176,MallaK79
177,Micke B
178,tekio
179,chrlag
180,LarsC
181,MalinAW
182,yvonne
183,jessica
184,DigIT Hub
185,niklas.wahlstrom
186,nikwahDKIMtest
187,MikMa
188,elinbirgitta
189,amin ondess
190,peo
191,CecWes
192,jcandersson
193,Thomas
194,ullisehren
195,Pedro.Landfors
196,FredrikEriksson
197,fwn01
198,jardenberg
199,Ulrika
200,Terese
201,siha
202,magnuskolsjo
203,simonakerblom
204,MariaTornberg
205,Mirsad
206,AlexandraEkh
207,Gisela
208,elisabeth_ftv
209,J.KarhuGjertz
210,Rademacher
211,Michael 8r
212,angela-digg
214,PernillaE
215,christopher-z
216,Nina_Berlin
218,liamjack519
220,maxwellmarco1727
221,angelastele
222,harry00004
223,pando
224,haleyrose284
225,pennyharvest
226,ÅsaT
237,markhenrymh2345
240,elenorweijmar
241,sam12121
242,Thomasadam4561
244,ajoy505
245,itsecdservices
247,lfvjimisola
248,ckopp
249,stevemartin
250,Josef Andersson
251,nizar
252,adilius
256,Mukta
258,Pierre
260,aklima222
261,annawilson
262,sumiyaakter2007
264,u2tk
266,jdanial
268,Fredrik_Arvas
269,navyak
270,linarudin
272,Åbbel
273,jonbac
274,risacu
275,IngelaE
276,Patrik
277,PeterEson
278,nicklasEgilie
279,jonas_beckman
280,pellep99
281,linusersson
282,LarsBostrom
283,VisbyStar
284,henrikgotesson
285,newseed-linn
286,saragernandt
288,thomask
289,nilsw-ra
291,EliSve
292,sumaiya49291
294,henric
295,garance_vinnova
298,antwik
299,Anna_Bayard
303,johnny
304,Magnus W
305,Aron Ambrosiani
306,stefanwesslegard
308,zonas
310,daniel
311,Wincent
312,PaddyK
314,adrian
315,OlofJunesjo
316,Linda Broström
317,Peppe
327,Jessica Olsson
328,användarman
329,hravnkel
330,PDT-SKV
331,SabinaD
332,horndahl
333,davidnorman
334,krithikasri
339,Sara Dahl
340,jnordstrom
341,Evelina
342,johanstang
343,Håkan_test
344,davkra
346,lundst1
347,Parvaneh
348,Linus
349,UlrikaDM
350,Jennie-Ann
351,Bertho
352,Dan Wistedt
356,Lars_Gävle
359,erik-gbg
361,Joakim
362,MalinÅ
363,johag
364,Magnus Forsberg
365,eric.stark
366,Johan 0
367,Dan
368,magru
369,reisor
370,Erik Lejdemyr
371,lennartjohansson
372,micke
373,Mattias A
374,peterkarlberg
375,Fredrik R
377,asgr
378,Klara
379,jonas.thoursie
380,sebastianthulin
381,susanne_paulsson
382,hakimsjo
383,martinhell
384,phdsvennejunker
385,Oskar_NV
389,Wiktorl
390,BJR
391,Jerry Timerius
392,Robert Persson
393,RobertPersson-OE
395,BengtAlbinOlov
396,mc2
397,David
398,Martina Ingvars
399,bengtb
400,markwatson1008
401,mabe50
402,MalinS
403,tobbela
405,Eric_Thoren
406,ÅsaH
407,Ibraheem
409,jan-king
410,pontusvind
411,Marie Larsson
412,Eva
414,danielrudmark
415,Mattias 0
416,Robin Mångs
417,Patrik Lindmark
419,ChristoferHearne
420,Georgia.sandberg
422,WickedySplitz
423,mathea_f
424,Veronica
425,thera
427,Liza1414
428,flin1
429,OskarLindberg
430,MariaL
431,LasseAlm
432,Fredrik Forsberg
433,arkivarien
437,Hampus Brynolf
438,Sumati
439,Eskil_Tunberg
441,martin.bjork
442,Intuizio
443,Cornelia
444,GBGAnders
445,miktim
447,Gustav
448,DanielNilsson
451,StinaH
453,magnus.broden
454,johantjader
455,fredisaksson
457,MaxDan
459,Daniel Rese
464,simonfrank975
465,hinep
466,Hannadahlström
467,ylva
468,Ingegerd
469,Sussva22
471,Peter Böös
472,elias
473,csnmiki
474,davidcarlsson
475,kepehi5155
476,Case
477,Maria_Bratt
480,Marcus Mörholm
481,SBORGM
483,Jörgen Dehlin
485,tillorea
486,tillorea1
487,marcusosterberg
488,evelinastrauss
489,IsakM
494,Hed
495,Loubna ch
496,Scherman
497,almeta
498,Anthony Mccarrick
499,AlexanderSuliman
500,IntegerOverflow1
505,towergroupseo
506,aneeri
507,Lovisa
508,Fredrik Ferm
509,Jakob Fransson
510,Bolagsverket
511,krisab
512,erika.sjodin
513,Magdalena
514,alvolex
515,Björn Robért
518,SofieW
520,Tobias
521,Josef_Andersson
522,jennifer19942
523,PerAnd
524,eriknastesjo
525,alcaeusdevelopment
526,Raniz
528,sumithra
529,anjo
530,Malin_Ekstrand
531,DIGG_admin
532,jacla768
533,Vedrana
535,ÅsaJernberg
537,ElisabetTillas
542,Sjösten
544,TomK
550,LFVJimmy
557,robertsundin
566,kimerik
585,askgunilla
586,HabilKantur
587,davidberglund
588,jonathan
590,theNube
591,davidlars
604,digitalsuperhjalte
605,SusanHedberg
606,AstorNC
610,pontus
611,tomas.gustavsson
612,SMHIHammar
619,CeciliaWisenHanell
640,AndreasSB
654,PerGabrielsson
666,PierreMesure
667,miroli
668,testkonto
669,svenTV
672,johan.eklund
673,anette.edvardsson
674,JohanUng
675,GöranAlfvén
676,MarieNilsson
678,saraskyttner
679,ulwer
680,divyabharti7881
681,petjon01
682,Torbjörn Svedung
683,helenaw
685,JoakimUddling
687,Kenneth Zetterberg
688,leifj
689,eminemmerch
690,Joakim Hedström
695,Ing-Marie
698,Tony
699,svedlund
700,Fabian von Tiedemann
704,Lenis71
705,Mikael Skyman
707,hagdahl
709,CarolineSöder
711,mattiassjolander
712,arthan
716,mathenrry027
717,Pär-Skoglund
732,offentlig
733,Johan Sandgren
734,rcoswe
739,testkonto2
740,Arrhen
741,Maria Lillström Stenroos
742,Erik Melkersson
743,Lars Lindsköld
744,tove
745,magnus_lundblad-regionhalland
748,KerstinManderstedt
750,Mats Johansson
761,Martin Söderlund
764,paololeva
771,IsakWirgen
780,Wilmanygren
781,Per Dyfvelsten
782,tormund
783,pkz
785,Balamut
788,MrNilsson
789,linnea.princis
794,MariaG
795,lovina.karlsson
797,marowe
800,TorbjörnL
809,pgmj
810,johnmorgan
813,stenssok
828,Katarina Porko
829,ulf_farjare
831,mglantz
832,MarikaWasserman
834,Flemsjö
839,Karolina Jedrzejewska
840,erik-lonroth
841,schlyter
844,fredrik_ohrstrom
845,Abbebernharth
846,Jessica Bäck
847,solvikstrom
848,PatrikB
850,Carl-Johan
851,Selimh
852,Frederic_Rambaud
853,SandraUU
857,Mandi
860,SimonTullstedt
861,Missivet
862,hans.haglund
863,TomasVasseur
864,ANSO
865,ReginaWStedt
868,Urban
874,annika
882,andrewmartin01
887,sweco-semara
894,Niklas B
898,AKL
904,Matilda
909,khalverson
911,AlexPrice
920,andlowsis
923,ibs
924,JpJkpg
925,alfp
931,MattiasJoelsson
934,Ljungfalk
936,Margarita Sjögren
937,Lindskog
949,kevinmaire
963,emma23
987,ipsteelfrance
992,barry17
1002,pnjsharpetch2
1009,gertytterby
1030,marknjohson150
1040,baroncorrz
1051,johnmark4
1063,sonamona
1092,phorod11
1103,eloy4545
1107,KXN
1122,ambikasen
1133,gailwatt
1161,annamanfredsson
1163,Anna-Manfredsson
1169,DanielMiranda
1187,raceias
1231,smithriya
1254,nicholas
1275,alexandernajafianzen
1277,navro
1278,axel.falk
1297,Suneetmaantech
1299,MirreS
1301,tomper00
1314,Oliverrsmith52
1329,henrik_suzuki
1334,TomasAmlov
1340,ennobinfrasolution
1348,romanaculjak
1355,DaymanSalvort
1365,roberthook81022
1370,bpabhi14
1371,Marjandolat
1395,marryalen20
1409,scottwillis494869
1412,lucasmiller7005
1416,Glenmark
1422,MrEzz
1433,Pernilla
1436,ofallheden
1441,FilipDijak
1459,Pia McAleenan
1467,Alexander H
1514,Camilla Olsson
1539,kylapratt
1550,cecilia
1561,matthewsjocosa
1574,Herbjörn Wilhelmsen
1590,stellardigital1
1594,Islandstyle
1604,nosew58910
1616,felipeverdu_NOAB
1621,mattshilden
1622,mikkeschiren
1623,Jonas_TrV
1624,Stina
1625,Tania
1626,Einar Sundgren
1627,emiljehrn
1628,bullerdalen
1629,Hanna på Bron
1630,Dajjen
1631,jalshorji
1632,almag
1633,ellenmoss
1634,anderserlandsson
1635,digitalist-ops
1636,Steve Lundin
1637,m_joud
1638,joel-stenberg
1639,Peter Sjöberg
1640,Joel
1641,HassAhm
1642,Dokter Kandungan
1643,Christina H
1644,mohitsharma012
1645,Johan_Bard
1646,carolinarohrl
1647,samsorientalrugs
1648,tradeimexinfo
1649,Theodor
1650,evelindell
1651,mohitsharma01
1652,ErikCarlsson
1653,Gabriel_L
1655,janegilbert438
1656,joelh
1657,jenny_skane
1658,OscarSallander
1660,Mathias A
1661,PaulH
1662,emilk
1663,KarlEkman
1664,meol03
1665,pabe1250
1666,akndesigngroup
1667,lokal_profil
1668,johnsonpgslot
1669,wesigndoc
1670,Soren
1672,Olivia Ekman
1673,thomass
1674,LenaSchröder
1675,Mikatilda
1677,JuliaNel
1678,Nafiseh
1679,ChristerOlsson
1680,David Haskiya
1681,Tinsel
1682,Lars Stolt
1683,victor
1684,amkanda
1686,felipeverdu
1687,hortholm
1689,studyinnewzealandmeridean
1690,oliviglundsson
1691,fatimzahra1
1692,Ruben_Selander
1693,barhom
1694,rubenselander
1695,tructiepdagahomnay79
1696,tyskan
1697,Digitaliseringscoachen
1698,august
1699,August 0
1700,jackcook0704
1701,mattias_iko_mattsson
1702,Kugel
1703,Kraz
1704,olof.hansson2
1705,Marie Chantal
1706,Johanna
1707,erikmorgan
1708,maod
1709,PatrikLindenfors
1711,michael_akerman
1712,mao
1713,Maja Sjöstrand
1714,Frank
1715,lmdaniel
1716,Magnus
1718,Martinapple999
1719,theodormollgren
1720,aldhen
1721,Terese 0
1722,Victor Otterstrom
1723,LinusGustavsson
1724,hanslammda-se
1725,hejoh
1726,olof.olsson
1727,maomao
1728,Hanna
1729,fredde
1730,matildaa.lundstrom
1731,Charlotta.Frodin
1732,Larsb
1733,malin.sandstrom
1734,Asa
1735,erik
1736,matsirom
1737,erizet
1738,FrodeRanders
1739,miahellstrom
1740,tomas_va
1741,AI scale
1742,johanisa
1743,mile95
1744,GJenny
1745,minou
1746,Hanna 0
1747,JonathanCrusoe
1748,Fredrik
1749,Jonathan Crusoe
1750,SKV RaC
1751,ElenaEikari
1752,Jacob
1753,xemarap
1754,Wallman
1755,nsmart
1756,Sanam
1757,mikaelgronkvist
1758,Helena Lundin Kleberg
1759,jan.al-deri
1760,Spiritus
1761,juckfukk
1762,matthias
1764,Anna Arderfors
1765,hjerpe
1766,perarv1
1767,SkolSarah
1768,Johannes Pohjolainen
1769,hansthorsenlamm
1770,jens_nylander
1771,nilsmikael
1772,kylberg
1773,Andersos
1774,HelenaEnlund
1775,Lorre
1776,lor
1777,branwilson52
1778,Ragnar Andersson
1779,RobertLundsten
1780,tom.sall
1781,Karin
1782,Jesper
1783,Mats Fröjdenlund
1784,ThomasK 0
1785,klara.wallin
1786,Patric Stoor Karlberg
1787,torbear
1788,axbom
1789,Sylvia
1790,HannaRuiz
1791,olabackstrom
1792,AlexR
1794,Yasemin
1795,magnusp
1796,ElinL
1797,OsPe
1798,DanielOhman
1799,Jesper_P
1800,mkfsk
1801,Sylvester
1802,Magnus Sälgö
1803,Jocke Jansson
1804,David.Rayner.gu.se
1805,peter-stranne
1806,Britta
1807,Snappy Juan
1808,Tomas Funquist
1809,DanielLundqvist
1810,kalvdans
1811,Linn
1812,timsandgren
1813,sararyd
1814,POG
1815,andres
1816,JennyStrandberg
1817,Bbgd_GIS
1818,Reza Bazargan
1819,MelissaNilsson
1820,HuggeK
1821,seaspider
1822,stehag
1823,almaenkvist
1824,fallheden
1825,Berulv
1826,LindaEriksson
1827,f.josefine.stahlgmail.com
